{
  "model_path": "layerwise_so_in_memory",
  "scores": {
    "english": {
      "mmlu": 0.7640649480131035,
      "hellaswag": 0.7903804023102967,
      "arc_challenge": 0.6032423208191127,
      "truthfulqa_mc1": 0.37821297429620565,
      "english_avg": 0.6339751613596797
    },
    "multilingual": {
      "sib200": {
        "en": 0.575,
        "yo": 0.39,
        "so": 0.355,
        "ha": 0.37
      },
      "belebele": {
        "en": 0.9311111111111111,
        "yo": 0.4255555555555556,
        "so": 0.4666666666666667,
        "ha": 0.4688888888888889
      }
    }
  }
}