{
  "model_path": "/root/project/models/Qwen3.5-9B-Base",
  "scores": {
    "english": {
      "mmlu": 0.7728955989175331,
      "hellaswag": 0.7918741286596296,
      "arc_challenge": 0.5716723549488054,
      "truthfulqa_mc1": 0.3537331701346389,
      "english_avg": 0.6225438131651517
    },
    "multilingual": {
      "sib200": {
        "fr": 0.375,
        "zh": 0.57,
        "sw": 0.44,
        "th": 0.48,
        "bn": 0.52,
        "yo": 0.415,
        "en": 0.55
      },
      "belebele": {
        "fr": 0.8911111111111111,
        "zh": 0.8866666666666667,
        "sw": 0.6877777777777778,
        "th": 0.6755555555555556,
        "bn": 0.62,
        "yo": 0.43666666666666665,
        "en": 0.9244444444444444
      },
      "flores": {
        "fr": {
          "bleu": 49.5471834247432
        },
        "zh": {
          "bleu": 35.93591160011722
        },
        "sw": {
          "bleu": 1.5862210541746573
        },
        "th": {
          "bleu": 0.0010433305914507567
        },
        "bn": {
          "bleu": 0.0
        },
        "yo": {
          "bleu": 0.13076564827897452
        }
      }
    }
  }
}