{
  "model_path": "sso_so_in_memory",
  "scores": {
    "english": {
      "mmlu": 0.7613587808004558,
      "hellaswag": 0.7946624178450508,
      "arc_challenge": 0.5887372013651877,
      "truthfulqa_mc1": 0.31701346389228885,
      "english_avg": 0.6154429659757458
    },
    "multilingual": {
      "sib200": {
        "en": 0.385,
        "yo": 0.17,
        "so": 0.22,
        "ha": 0.185
      },
      "belebele": {
        "en": 0.9388888888888889,
        "yo": 0.43444444444444447,
        "so": 0.45555555555555555,
        "ha": 0.4711111111111111
      }
    }
  }
}