{
  "model_path": "results/sso_lora/sso_yo",
  "scores": {
    "english": {
      "mmlu": 0.7657741062526705,
      "hellaswag": 0.7929695279824737,
      "arc_challenge": 0.5784982935153583,
      "truthfulqa_mc1": 0.34394124847001223,
      "english_avg": 0.6202957940551287
    },
    "multilingual": {
      "sib200": {
        "en": 0.455,
        "yo": 0.205,
        "so": 0.25,
        "ha": 0.225
      },
      "belebele": {
        "en": 0.9322222222222222,
        "yo": 0.4533333333333333,
        "so": 0.47444444444444445,
        "ha": 0.44666666666666666
      }
    }
  }
}