{
  "model_path": "sso_ha_in_memory",
  "scores": {
    "english": {
      "mmlu": 0.7647058823529411,
      "hellaswag": 0.7950607448715395,
      "arc_challenge": 0.5776450511945392,
      "truthfulqa_mc1": 0.33047735618115054,
      "english_avg": 0.6169722586500426
    },
    "multilingual": {
      "sib200": {
        "en": 0.26,
        "yo": 0.21,
        "so": 0.195,
        "ha": 0.18
      },
      "belebele": {
        "en": 0.9344444444444444,
        "yo": 0.44555555555555554,
        "so": 0.4911111111111111,
        "ha": 0.47
      }
    }
  }
}