,yo,ha
en,1.4921348314606742,6.695121951219512
yo,1.7303370786516854,5.109756097560975
so,0.9752808988764047,3.042682926829268
ha,2.449438202247191,10.98170731707317
