,yo,ha
en,0.057777777777777706,0.03301886792452833
yo,0.008888888888888896,-0.061320754716981056
so,-0.04888888888888893,-0.03301886792452833
ha,-0.013333333333333345,0.014150943396226428
