,yo,ha
en,0.0,0.6000000000000001
yo,0.16666666666666682,0.6000000000000001
so,0.11111111111111122,0.6666666666666669
ha,0.16666666666666682,0.5333333333333333
