,yo,ha
en,0.011292769256699692,0.011249360831771008
yo,-0.08427439743805838,-0.1307312084540651
so,-0.1572560256194169,-0.1336287710925516
ha,-0.16854879487611668,-0.15629793761718086
