,en,yo,so,ha
en,0.003846153846153943,0.045801526717557293,0.03080568720379143,0.01605504587155962
yo,-0.007211538461538388,0.017811704834605587,-0.014218009478673077,-0.011467889908256954
so,-0.010817307692307702,-0.10941475826972005,0.028436018957345918,-0.0435779816513762
ha,-0.003605769230769194,-0.005089058524172934,0.02132701421800938,0.04587155963302759
