{
  "model_path": "results/phase2_lis_matrix/lis_Qwen3.5-9B-Base_train_yo",
  "scores": {
    "english": {
      "mmlu": 0.774248682523857,
      "hellaswag": 0.7983469428400717,
      "arc_challenge": 0.591296928327645,
      "truthfulqa_mc1": 0.34761321909424725,
      "english_avg": 0.6278764431964553
    },
    "multilingual": {
      "sib200": {
        "en": 0.475,
        "fr": 0.335,
        "zh": 0.56,
        "sw": 0.405,
        "th": 0.48,
        "bn": 0.525,
        "yo": 0.365
      },
      "belebele": {
        "en": 0.9144444444444444,
        "fr": 0.88,
        "zh": 0.8788888888888889,
        "sw": 0.6788888888888889,
        "th": 0.6777777777777778,
        "bn": 0.5933333333333334,
        "yo": 0.41444444444444445
      }
    }
  }
}