{
  "model_path": "results/phase2_lis_matrix/lis_Qwen3.5-9B-Base_train_fr",
  "scores": {
    "english": {
      "mmlu": 0.7689075630252101,
      "hellaswag": 0.7957578171678948,
      "arc_challenge": 0.575938566552901,
      "truthfulqa_mc1": 0.34149326805385555,
      "english_avg": 0.6205243036999654
    },
    "multilingual": {
      "sib200": {
        "en": 0.575,
        "fr": 0.325,
        "zh": 0.555,
        "sw": 0.48,
        "th": 0.58,
        "bn": 0.605,
        "yo": 0.425
      },
      "belebele": {
        "en": 0.9233333333333333,
        "fr": 0.8733333333333333,
        "zh": 0.8855555555555555,
        "sw": 0.6777777777777778,
        "th": 0.6488888888888888,
        "bn": 0.6066666666666667,
        "yo": 0.43333333333333335
      }
    }
  }
}