{
  "model_path": "results/phase2_lis_matrix/lis_Qwen3.5-9B-Base_train_en",
  "scores": {
    "english": {
      "mmlu": 0.7736077481840193,
      "hellaswag": 0.7994423421629158,
      "arc_challenge": 0.5819112627986348,
      "truthfulqa_mc1": 0.3463892288861689,
      "english_avg": 0.6253376455079347
    },
    "multilingual": {
      "sib200": {
        "en": 0.62,
        "fr": 0.49,
        "zh": 0.555,
        "sw": 0.46,
        "th": 0.515,
        "bn": 0.56,
        "yo": 0.42
      },
      "belebele": {
        "en": 0.9111111111111111,
        "fr": 0.8833333333333333,
        "zh": 0.8933333333333333,
        "sw": 0.7122222222222222,
        "th": 0.6811111111111111,
        "bn": 0.6366666666666667,
        "yo": 0.4577777777777778
      }
    }
  }
}