{
  "model_path": "results/phase2_lis_matrix/lis_Qwen3.5-9B-Base_train_zh",
  "scores": {
    "english": {
      "mmlu": 0.7735365332573707,
      "hellaswag": 0.7950607448715395,
      "arc_challenge": 0.5861774744027304,
      "truthfulqa_mc1": 0.3378212974296206,
      "english_avg": 0.6231490124903152
    },
    "multilingual": {
      "sib200": {
        "en": 0.61,
        "fr": 0.575,
        "zh": 0.58,
        "sw": 0.455,
        "th": 0.515,
        "bn": 0.555,
        "yo": 0.42
      },
      "belebele": {
        "en": 0.9255555555555556,
        "fr": 0.8844444444444445,
        "zh": 0.8877777777777778,
        "sw": 0.6977777777777778,
        "th": 0.6844444444444444,
        "bn": 0.6244444444444445,
        "yo": 0.42777777777777776
      }
    }
  }
}