,en,fr,zh,sw,th,bn,yo
en,-0.014423076923076896,-0.008728179551122189,0.007518796992481125,0.03554119547657503,0.008223684210526286,0.02688172043010761,0.04834605597964382
fr,-0.0012019230769230247,-0.019950124688279305,-0.0012531328320802711,-0.014539579967689835,-0.039473684210526404,-0.02150537634408598,-0.0076335877862594645
zh,0.0012019230769231449,-0.007481296758104662,0.001253132832080146,0.014539579967689835,0.013157894736842025,0.007168458781362053,-0.020356234096692117
sw,-0.004807692307692219,-0.0062344139650872595,-0.003759398496240688,0.032310177705977265,0.006578947368421095,0.04301075268817196,0.025445292620865177
th,0.0,-0.013715710723191922,0.0,0.02261712439418415,0.01644736842105257,0.0017921146953404237,-0.0025445292620865307
bn,-0.004807692307692219,-0.012468827930174519,-0.010025062656641668,0.03715670436187399,0.036184210526315694,0.06451612903225812,-0.0025445292620865307
yo,-0.010817307692307702,-0.012468827930174519,-0.008771929824561396,-0.012924071082391035,0.0032894736842105474,-0.04301075268817196,-0.05089058524173023
