{
  "model_path": "results/phase2_lis_matrix/lis_Qwen3.5-9B-Base_train_th",
  "scores": {
    "english": {
      "mmlu": 0.7720410197977496,
      "hellaswag": 0.7911770563632743,
      "arc_challenge": 0.5938566552901023,
      "truthfulqa_mc1": 0.32802937576499386,
      "english_avg": 0.6212760268040299
    },
    "multilingual": {
      "sib200": {
        "en": 0.635,
        "fr": 0.525,
        "zh": 0.58,
        "sw": 0.495,
        "th": 0.565,
        "bn": 0.635,
        "yo": 0.48
      },
      "belebele": {
        "en": 0.9244444444444444,
        "fr": 0.8788888888888889,
        "zh": 0.8866666666666667,
        "sw": 0.7033333333333334,
        "th": 0.6866666666666666,
        "bn": 0.6211111111111111,
        "yo": 0.43555555555555553
      }
    }
  }
}