{
  "model_path": "results/phase2_lis_matrix/lis_Qwen3.5-9B-Base_train_sw",
  "scores": {
    "english": {
      "mmlu": 0.7705455063381285,
      "hellaswag": 0.7914758016331408,
      "arc_challenge": 0.5853242320819113,
      "truthfulqa_mc1": 0.3378212974296206,
      "english_avg": 0.6212917093707002
    },
    "multilingual": {
      "sib200": {
        "en": 0.585,
        "fr": 0.37,
        "zh": 0.575,
        "sw": 0.44,
        "th": 0.535,
        "bn": 0.6,
        "yo": 0.42
      },
      "belebele": {
        "en": 0.92,
        "fr": 0.8855555555555555,
        "zh": 0.8833333333333333,
        "sw": 0.71,
        "th": 0.68,
        "bn": 0.6466666666666666,
        "yo": 0.4477777777777778
      }
    }
  }
}