{
  "model_path": "results/mix_en/mix_Qwen3.5-9B-Base_en_so",
  "scores": {
    "english": {
      "truthfulqa_mc1": 0.36474908200734396,
      "english_avg": 0.36474908200734396
    },
    "multilingual": {
      "sib200": {
        "en": 0.525,
        "yo": 0.325,
        "so": 0.335,
        "ha": 0.28
      },
      "belebele": {
        "en": 0.9211111111111111,
        "yo": 0.4211111111111111,
        "so": 0.4622222222222222,
        "ha": 0.4633333333333333
      },
      "irokobench": {
        "yo": {
          "mcq_accuracy": 0.426,
          "n_mcq": 500
        },
        "ha": {
          "mcq_accuracy": 0.416,
          "n_mcq": 500
        }
      }
    }
  }
}